<?xml version="1.0" encoding="UTF-8"?>
<beans:beans xmlns="http://www.springframework.org/schema/mvc"
	xmlns:xsi="http://www.w3.org/2001/XMLSchema-instance"
	xmlns:beans="http://www.springframework.org/schema/beans"
	xmlns:context="http://www.springframework.org/schema/context"
	xmlns:mybatis-spring="http://mybatis.org/schema/mybatis-spring"
	xsi:schemaLocation="http://www.springframework.org/schema/mvc https://www.springframework.org/schema/mvc/spring-mvc.xsd
		http://mybatis.org/schema/mybatis-spring http://mybatis.org/schema/mybatis-spring-1.2.xsd
		http://www.springframework.org/schema/beans https://www.springframework.org/schema/beans/spring-beans.xsd
		http://www.springframework.org/schema/context https://www.springframework.org/schema/context/spring-context.xsd">
	
	<!-- Enables the Spring MVC @Controller programming model -->
	<annotation-driven />

	<context:component-scan base-package="com.halfmoon.market" />
	
	<!-- Handles HTTP GET requests for /resources/** by efficiently serving up static resources in the ${webappRoot}/resources directory -->
	<resources mapping="/res/**" location="/resources/" />

	<!-- Resolves views selected for rendering by @Controllers to .jsp resources in the /WEB-INF/views directory -->
	<beans:bean class="org.springframework.web.servlet.view.InternalResourceViewResolver">
		<beans:property name="prefix" value="/WEB-INF/views/" />
		<beans:property name="suffix" value=".jsp" />
		<beans:property name="order" value="2" />
	</beans:bean>

	<beans:bean class="org.springframework.web.servlet.view.UrlBasedViewResolver">
		<beans:property name="viewClass" value="org.springframework.web.servlet.view.tiles3.TilesView" />
		<beans:property name="order" value="1" />
	</beans:bean>
	

	<beans:bean class="org.springframework.web.servlet.view.tiles3.TilesConfigurer">
		<beans:property name="definitions">
			<beans:list>
				<beans:value>/WEB-INF/tiles/tiles.xml</beans:value>
			</beans:list>
		</beans:property>
		<beans:property name="preparerFactoryClass" 
			value="org.springframework.web.servlet.view.tiles3.SpringBeanPreparerFactory"/>
	</beans:bean> 
	
	<beans:bean id="hikariConfig" class="com.zaxxer.hikari.HikariConfig">
		<beans:property name="driverClassName" value="com.mysql.cj.jdbc.Driver"/>
		<beans:property name="jdbcUrl" value="jdbc:mysql://localhost:3306/halfmoon?serverTimezone=UTC"/>
		<beans:property name="username" value="root"/>
		<beans:property name="password" value="koreait2020"/>
	</beans:bean>
	
	<beans:bean id="dataSource" class="com.zaxxer.hikari.HikariDataSource" destroy-method="close">
		<beans:constructor-arg ref="hikariConfig" />
	</beans:bean>

	<beans:bean id="sqlSessionFactory" class="org.mybatis.spring.SqlSessionFactoryBean">
        <beans:property name="dataSource" ref="dataSource"/>
        <beans:property name="typeAliasesPackage" value="com.halfmoon.market"/>
    </beans:bean>
    
	<mybatis-spring:scan base-package="com.halfmoon.market"/>
	
	<beans:bean class="com.halfmoon.market.common.MailUtils">
		<beans:property name="userId" value="gotmd37"/>
		<beans:property name="userPw" value="gotmd!1!1!1"/>
		<beans:property name="host" value="smtp.naver.com"/>
		<beans:property name="port" value="587"/>
		<beans:property name="fromEmail" value="gotmd37@naver.com"/>
	</beans:bean>
	
	<beans:bean id="multipartResolver" class="org.springframework.web.multipart.commons.CommonsMultipartResolver">
		<beans:property name="maxUploadSize" value="10485760"/>
	</beans:bean>
	
</beans:beans>